{"cameraMode":{"drawMode":0,"name":"Shaded","section":"Shading Mode"},"sceneLighting":false,"audioPlay":false,"sceneViewState":{"showFog":true,"showMaterialUpdate":false,"showSkybox":false,"showFlares":true,"showImageEffects":true,"showParticleSystems":true},"in2DMode":false,"pivot":{"x":2079.99267578125,"y":1169.9959716796875,"z":0.0},"rotation":{"x":-0.053954094648361209,"y":-0.026957428082823755,"z":-0.0014571115607395769,"w":0.9981785416603088},"size":120.18559265136719,"orthographic":true}